Date,Day,Content Type,Post,Hashtags,CTA
2025-01-01,Wednesday,New Year Launch,"🎯 New Year, New Nervous System. Most people chase hydration. We're chasing autonomic stability. The first formula engineered to calm your sympathetic storms while expanding blood volume. Welcome to neuromodulating hydration.","#POTS #Dysautonomia #ChronicIllness #Hydration #AutonomicNervousSystem","Link in bio for early access"
2025-01-02,Thursday,Myth Buster,"MYTH: More salt = better hydration for POTS. TRUTH: Salt without nervous system cofactors = temporary relief. You need taurine to help kidneys retain that sodium, magnesium to calm HR spikes, and B vitamins to support vagal tone.","#POTSawareness #ChronicIllness #HealthMyths","Join the waitlist"
2025-01-03,Friday,Community Focus,"From one POTS warrior to another: Standing up shouldn't feel like running a marathon. Our formula addresses what others ignore - the autonomic chaos behind your symptoms. You're not 'just dehydrated.'","#POTScommunity #ChronicWarrior #Spoonie","Share your POTS trigger below"
2025-01-04,Saturday,Lifestyle Tip,"Morning routine for autonomic stability: 1) Hydrate BEFORE getting out of bed 2) Add compression 3) Move slowly 4) Our formula 30min before biggest trigger. Small changes, massive impact on your day.","#POTSlife #MorningRoutine #ChronicIllnessTips","What's your morning hack?"
2025-01-05,Sunday,Science Thread,"THREAD: Why magnesium L-threonate changes everything for dysautonomia 🧵 1/ Most magnesium stays in your gut or muscles. L-threonate crosses the blood-brain barrier. 2/ Your autonomic centers live in the brainstem...","#ScienceSunday #Neuroscience #Magnesium","Full thread below 👇"
2025-01-06,Monday,Science Deep Dive,"Your vagus nerve is your built-in chill switch. But in dysautonomia, it's offline. Vitamin B5 (100mg) is the precursor to acetylcholine - literally the chemical language of parasympathetic activation. Feed the nerve, calm the storm.","#VagusNerve #Neuroscience #B5","Learn more about our formula"
2025-01-07,Tuesday,Ingredient Spotlight,"TAURINE: The unsung hero of hydration. ❤️ Stabilizes heart rhythm 🧠 Calms brain excitability 🫘 Helps kidneys hold sodium 🩸 Supports blood vessel flexibility. 300mg per serving. Because hydration is more than just water and salt.","#Taurine #Supplements #HeartHealth","Pre-order for 20% off"
2025-01-08,Wednesday,Symptom Solution,"Brain fog isn't 'all in your head' - it's in your blood flow. When blood pools in your legs (POTS), your brain gets less oxygen. Our sodium + taurine combo improves venous return. Think clearly again.","#BrainFog #POTS #CognitiveHealth","Get your focus back"
2025-01-09,Thursday,Comparison,"LMNT: 1000mg sodium, 200mg potassium, 60mg magnesium. US: 750mg sodium, 360mg potassium, 900mg magnesium (2 forms), plus taurine, B-complex, L-alanine. One replaces sweat. Ours stabilizes your nervous system.","#ElectrolyteComparison #LMNT #Hydration","See the full breakdown"
2025-01-10,Friday,Real Talk,"3 years ago, I couldn't shower without my HR hitting 150. Today, I'm formulating solutions for people like us. This isn't just a business - it's personal. Every ingredient was chosen through the lens of living with dysautonomia.","#ChronicIllnessWarrior #Entrepreneur #POTS","Join our mission"
2025-01-11,Saturday,Weekend Wisdom,"Your weekend reminder: Chronic illness rest is different. It's not lazy, it's strategic. Pair rest with smart hydration that actually supports your autonomic nervous system. You deserve both understanding AND solutions.","#WeekendVibes #ChronicIllness #SelfCare","How do you rest?"
2025-01-12,Sunday,Education Thread,"Why we chose sodium citrate over sodium chloride 🧵 1/ Citrate is alkalinizing - reduces metabolic acidosis 2/ Feeds directly into Krebs cycle for ATP 3/ Kidney-protective 4/ Less likely to trigger MCAS flares than chloride","#ScienceThread #Sodium #Biochemistry","Full thread 👇"
2025-01-13,Monday,Mechanism Monday,"The adrenaline dump: Your body's worst habit. Magnesium acts as nature's calcium channel blocker, literally preventing the cascade that leads to those 3am HR spikes. 900mg split between glycinate (gut-friendly) and L-threonate (brain-penetrating).","#Adrenaline #Magnesium #POTS","Stop the surge"
2025-01-14,Tuesday,Taurine Tuesday,"Did you know? Taurine is the most abundant amino acid in your heart. It modulates calcium signaling in every heartbeat. For POTS patients with erratic HR, this isn't optional - it's essential. Yet missing from 99% of electrolyte drinks.","#Taurine #HeartHealth #POTS","Why we include 300mg"
2025-01-15,Wednesday,Symptom Solver,"That 'coat hanger' pain in your neck/shoulders? It's poor blood flow to your upper body. While others chase the pain, we address the cause: low blood volume + poor vascular tone. Sodium expands volume, taurine improves tone.","#CoatHangerPain #POTS #ChronicPain","Address the root cause"
2025-01-16,Thursday,Myth Buster,"'Just drink more water!' - every well-meaning friend. Reality: Plain water dilutes sodium levels, potentially making POTS worse. You need the RIGHT ratio of electrolytes + cofactors to actually hold that fluid where it counts.","#HydrationMyths #POTS #ChronicIllness","Share if you've heard this"
2025-01-17,Friday,Community Win,"@user just DMd: 'First time I've made it through grocery shopping without sitting on the floor!' This is why we do this. Real people, real autonomic support, real life changes. Your wins are our wins. 💪","#POTSwins #Community #Success","Share your win"
2025-01-18,Saturday,Weekend Hack,"Saturday shower strategy: Cooler water, hydrate 30min before, compression on legs, shower stool nearby. Our formula's taurine + magnesium combo specifically targets the vasodilation challenge. Make showers bearable again.","#ShowerHacks #POTS #WeekendTips","What's your shower hack?"
2025-01-19,Sunday,Science Summary,"This week's science recap: ✅ B5 makes acetylcholine for vagal tone ✅ Taurine helps kidneys retain sodium ✅ L-threonate crosses BBB for central control ✅ Citrate > chloride for kidney health. Knowledge is power.","#WeeklyRecap #Science #Education","Catch up on the science"
2025-01-20,Monday,Metabolism Monday,"L-Alanine: Your anti-crash insurance. It enters the Cori cycle, converting lactate back to glucose in your liver. Those sudden energy drops that trigger adrenaline surges? L-alanine says 'not today.' 750mg per serving.","#Metabolism #LAlanine #Energy","Steady energy awaits"
2025-01-21,Tuesday,B-Vitamin Spotlight,"B1 (Benfotiamine) isn't just for energy - it's for autonomic neuropathy prevention. Many POTS patients have subclinical B1 deficiency. We use the fat-soluble form for 5x better absorption. Your nerves will thank you.","#VitaminB1 #Neuropathy #POTS","Protect your nerves"
2025-01-22,Wednesday,Symptom Solution,"Pre-syncope (feeling faint) isn't dramatic - it's biochemical. Blood pools → brain hypoperfusion → warning signals. Our formula attacks all angles: volume expansion (sodium), vascular tone (taurine), and perfusion support (magnesium).","#Presyncope #Fainting #POTS","Stay upright"
2025-01-23,Thursday,Comparison Post,"Liquid IV relies on glucose for absorption. Problem? Glucose spikes insulin → crashes → triggers more adrenaline. We use L-alanine instead. Stable absorption, no crashes, no triggering the exact system we're trying to calm.","#LiquidIV #Comparison #StableEnergy","Choose stability"
2025-01-24,Friday,Feature Friday,"Real question from our community: 'Why monk fruit?' Because stevia can trigger histamine, artificial sweeteners affect gut bacteria, and sugar crashes your ANS. Monk fruit is the only sweetener that checks all boxes for MCAS-safe formulation.","#MonkFruit #MCAS #Sweeteners","Ask us anything"
2025-01-25,Saturday,Lifestyle Integration,"Your POTS toolkit: ✓ Compression garments ✓ Smart hydration (that's us) ✓ Pacing strategies ✓ Temperature management ✓ Trigger tracking. We're not a magic bullet - we're part of your comprehensive management plan.","#POTSmanagement #Lifestyle #Toolkit","What's in your toolkit?"
2025-01-26,Sunday,Thread Day,"Why POTS isn't 'just anxiety' - a thread 🧵 1/ Same symptoms, different mechanism 2/ POTS = autonomic dysfunction, measurable on tilt table 3/ Anxiety = psychological, though can trigger POTS 4/ Our formula addresses the autonomic piece...","#POTSvsAnxiety #Thread #Education","Full explanation 👇"
2025-01-27,Monday,Mineral Monday,"Potassium: The forgotten electrolyte. We use 360mg (2x most brands) because proper Na:K ratio determines cellular hydration. Too much sodium alone = cellular dehydration. Balance matters more than quantity.","#Potassium #Electrolytes #Balance","Get the ratio right"
2025-01-28,Tuesday,Cofactor Tuesday,"B6 (as P5P): The neurotransmitter builder. Required for serotonin (mood), dopamine (motivation), GABA (calm). When your autonomic system swings wildly, it's often because these chemicals are imbalanced. Feed the factory.","#VitaminB6 #Neurotransmitters #MoodSupport","Build better balance"
2025-01-29,Wednesday,Symptom Spotlight,"Exercise intolerance isn't laziness - it's PEM (post-exertional malaise). Your cells literally can't make enough ATP. Our B1 + magnesium + L-alanine trio supports cellular energy production at every step of the process.","#PEM #ExerciseIntolerance #POTS","Restore your energy"
2025-01-30,Thursday,Myth Buster,"'Dysautonomia is rare.' Actually, POTS affects 1-3 million Americans. Long COVID triggered massive increases. Yet most hydration products still ignore autonomic needs. We're changing that, one scoop at a time.","#DysautonomiaAwareness #NotRare #POTS","Spread awareness"
2025-01-31,Friday,Month Recap,"January wins: ✓ Launched our mission ✓ Educated on autonomic science ✓ Built community connections ✓ Challenged hydration myths. February preview: Diving deep into MCAS connections and histamine management. Stay tuned!","#MonthlyRecap #Community #Growth","What did you learn?"
2025-02-01,Saturday,MCAS Month Begins,"February focus: MCAS + Dysautonomia overlap. 🔴 Mast cells release histamine 🔴 Histamine affects autonomic function 🔴 Most supplements trigger more histamine. Our formula is intentionally MCAS-safe. Let's explore why.","#MCAS #MastCell #Histamine","MCAS warriors, this month's for you"
2025-02-02,Sunday,Groundhog Thread,"If POTS sees its shadow, we get 6 more weeks of symptoms? JK - but seriously, symptom patterns matter. Track your triggers, identify patterns, adjust accordingly. Consistent smart hydration helps stabilize the baseline. 🧵","#GroundhogDay #POTShumor #Patterns","Track with us"
2025-02-03,Monday,Mast Cell Monday,"Vitamin C: Your mast cell stabilizer. But here's the trick - ascorbic acid can trigger reflux in sensitive folks. We use sodium ascorbate: buffered, gentle, still stabilizing. 200mg per serving. MCAS-friendly by design.","#MastCells #VitaminC #MCAS","Gentle stabilization"
2025-02-04,Tuesday,Glycinate Tuesday,"Why magnesium glycinate over citrate? Citrate can trigger digestive issues in sensitive systems. Glycinate is chelated with glycine - calming amino acid, superior absorption, zero digestive drama. Your gut and nervous system approve.","#Magnesium #Glycinate #GutHealth","Choose the right form"
2025-02-05,Wednesday,Reaction Reduction,"That flushing after eating? Could be histamine response affecting autonomic function. Our formula avoids common triggers: no citrus flavoring, no synthetic colors, no fermented ingredients. Just clean, targeted support.","#Flushing #Histamine #MCAS","Reduce reactions"
2025-02-06,Thursday,Ingredient Check,"Ingredients that trigger MCAS: ❌ Citric acid ❌ Natural flavors ❌ Stevia ❌ Fermented compounds. Our ingredients: ✅ Sodium citrate (different!) ✅ Monk fruit ✅ Pure vitamins ✅ Clean minerals","#CleanIngredients #MCAS #Safe","Check your labels"
2025-02-07,Friday,Community Connection,"MCAS + POTS is like playing health on 'expert mode.' You're not imagining the connection - mast cells directly impact blood vessel dilation and heart rate. You deserve solutions designed for YOUR complexity.","#MCAScommunity #POTS #Validation","You're not alone"
2025-02-08,Saturday,Weekend Wellness,"Saturday self-care for MCAS: Low-histamine breakfast, room temp hydration (cold can trigger), gentle movement, stress management. Our formula supports from the inside while you manage triggers from outside.","#SelfCare #MCAS #Weekend","What's your routine?"
2025-02-09,Sunday,Science Sunday,"The histamine-autonomic connection 🧵 1/ Histamine is a vasodilator 2/ Vasodilation drops BP 3/ Low BP triggers compensatory tachycardia 4/ Result: POTS symptoms from mast cell activation 5/ Why stabilizing mast cells helps POTS...","#Science #Histamine #POTS","Deep dive below 👇"
2025-02-10,Monday,Metabolic Monday,"Fun fact: Tartaric acid (in our formula) is a Krebs cycle intermediate. While others use citric acid (histamine trigger), we chose tartaric. Same metabolic support, zero mast cell activation. Details matter.","#Metabolism #KrebsCycle #MCAS","Smart formulation"
2025-02-11,Tuesday,Taurine + MCAS,"Taurine is naturally anti-inflammatory and may help stabilize mast cells indirectly through GABA receptor modulation. It's also naturally occurring in the body - less likely to trigger reactions than synthetic compounds.","#Taurine #AntiInflammatory #MCAS","Natural protection"
2025-02-12,Wednesday,Symptom Connection,"Unexplained rashes + heart racing + gut issues? Classic MCAS + dysautonomia combo. While you work with your doctor on triggers, we provide the foundational support your autonomic system needs to maintain stability.","#Symptoms #MCAS #Dysautonomia","Connect the dots"
2025-02-13,Thursday,Formula Fact,"We specifically avoided: citrus flavors, artificial sweeteners, high-histamine amino acids, fermentation-derived ingredients. Every choice was filtered through 'Will this trigger MCAS?' Your safety is our priority.","#FormulaSafety #MCAS #Priorities","Safety first"
2025-02-14,Friday,Valentine's Special,"Roses are red, violets are blue, your mast cells are angry, we formulated for you. 💕 Bad poetry, good science. MCAS-safe hydration is our love language. Happy Valentine's Day to our sensitive systems squad!","#ValentinesDay #MCAS #ChronicLove","Share the love"
2025-02-15,Saturday,Weekend Watch,"Weekend reminder: Stress triggers mast cells → mast cells release histamine → histamine triggers POTS symptoms. Magnesium + B vitamins in our formula support stress resilience. Break the cycle.","#StressManagement #MCAS #Weekend","Manage your stress"
2025-02-16,Sunday,Community Thread,"Your MCAS questions answered 🧵 Q: 'Can I take this with cromolyn?' A: Yes, different mechanisms Q: 'Will it replace my H1/H2 blockers?' A: No, it's complementary support Q: 'Is it corn-free?' A: Currently verifying sources...","#MCASqa #Community #Answers","Ask your questions 👇"
2025-02-17,Monday,Stability Monday,"Mast cell stability isn't just about avoiding triggers - it's about providing the nutrients that keep cells resilient. Magnesium, Vitamin C, and B6 all play roles in histamine metabolism. We include all three.","#MastCellStability #Nutrients #Resilience","Build resilience"
2025-02-18,Tuesday,B5 and Histamine,"Plot twist: B5 (pantothenic acid) is needed for cortisol production. Cortisol naturally suppresses excessive mast cell activation. By supporting B5 levels, we help your body's own anti-inflammatory systems.","#VitaminB5 #Cortisol #MastCells","Natural regulation"
2025-02-19,Wednesday,Symptom Solver,"Post-meal crashes: blood sugar or histamine? Both can trigger autonomic symptoms. Our L-alanine prevents glucose dips while avoiding histamine triggers. Address both possibilities with one formula.","#PostMealCrash #Histamine #BloodSugar","Solve the crash"
2025-02-20,Thursday,Clean Label,"No 'natural flavors' - that term can hide 100+ ingredients, many are histamine triggers. We list EVERYTHING. Transparency isn't trendy, it's necessary when your customers have MCAS. You deserve to know.","#CleanLabel #Transparency #MCAS","Full transparency"
2025-02-21,Friday,FAQ Friday,"'Why not just take antihistamines?' Because they don't address autonomic dysfunction, blood volume, or nervous system support. Antihistamines treat symptoms. We support the underlying systems. Both have their place.","#FAQ #Antihistamines #Support","Comprehensive approach"
2025-02-22,Saturday,Weekend Warrior,"Your MCAS flare kit: H1/H2 blockers, mast cell stabilizer, rescue meds, AND foundational support (that's us). Think of our formula as your daily baseline support while other meds handle acute flares.","#MCASkit #FlareManagement #Weekend","Build your kit"
2025-02-23,Sunday,Science Summary,"February MCAS recap: ✅ Buffered Vitamin C stabilizes ✅ Monk fruit won't trigger ✅ Magnesium calms cells ✅ B vitamins support histamine metabolism ✅ Clean label = no hidden triggers. Knowledge = power.","#MonthlyRecap #MCAS #Science","Review and remember"
2025-02-24,Monday,Mechanism Insight,"DAO (diamine oxidase) breaks down histamine. It needs: copper, B6, and Vitamin C. We provide the B6 and C. While we can't claim to boost DAO, we're definitely not blocking it like some ingredients do.","#DAO #Histamine #Enzymes","Support natural processes"
2025-02-25,Tuesday,Mineral Balance,"Copper-zinc balance affects histamine metabolism. While our formula doesn't contain copper (interactions vary), our magnesium and B6 support the same pathways. Multiple roads to histamine balance.","#Minerals #Histamine #Balance","Multiple pathways"
2025-02-26,Wednesday,Symptom Pattern,"Morning histamine dumps are real. Cortisol naturally drops overnight → mast cells activate → morning symptoms. Our B5 supports healthy cortisol rhythm. Take before bed for morning support.","#MorningSymptoms #Cortisol #MCAS","Time it right"
2025-02-27,Thursday,Comparison Clear,"Nuun: Citric acid, stevia, natural flavors. Liquid IV: Sugar, citric acid, natural flavors. Us: Sodium citrate, monk fruit, no flavors. For MCAS, ingredients matter more than marketing. Choose wisely.","#Comparison #MCAS #Ingredients","Compare carefully"
2025-02-28,Friday,February Finale,"MCAS month complete! March preview: EDS and hypermobility connections. How connective tissue affects autonomic function and why our formula supports both. The overlap syndromes need overlap solutions.","#MonthEnd #Preview #MCAS","Onward to March"
2025-03-01,Saturday,EDS Month Launch,"March focus: EDS + Dysautonomia. Stretchy collagen affects blood vessels → poor vascular tone → blood pooling → POTS symptoms. Our formula supports vascular stability while you work on strengthening.","#EDS #Hypermobility #March","EDS warriors, unite!"
2025-03-02,Sunday,Connection Thread,"The EDS-POTS connection explained 🧵 1/ Weak connective tissue = stretchy blood vessels 2/ Stretchy vessels = poor venous return 3/ Poor return = blood pooling 4/ Pooling = POTS symptoms 5/ Why vessel support matters...","#EDSthread #POTS #Connection","Full explanation 👇"
2025-03-03,Monday,Magnesium for EDS,"Magnesium supports collagen synthesis and muscle function - both critical for EDS. Our dual-form approach (glycinate + threonate) addresses muscle cramps AND nervous system dysfunction. Two birds, one formula.","#Magnesium #EDS #Collagen","Dual support"
2025-03-04,Tuesday,Taurine Tuesday EDS,"Taurine supports blood vessel elasticity - crucial when your vessels are already too stretchy. It helps maintain appropriate tone without over-constricting. The goldilocks of vascular support.","#Taurine #VascularHealth #EDS","Just right support"
2025-03-05,Wednesday,Joint Support,"Those subluxations trigger autonomic storms. Pain → stress → adrenaline → POTS flare. While we can't fix your joints, we can stabilize the autonomic response to pain. Break the cascade.","#Subluxation #EDS #Pain","Stabilize the response"
2025-03-06,Thursday,Myths About EDS,"'EDS is just being flexible.' Reality: It's multi-system, affecting heart, vessels, gut, autonomic nervous system. Hydration needs are complex - not just water, but targeted support for compromised systems.","#EDSmyths #Reality #Education","Spread awareness"
2025-03-07,Friday,Community Friday,"From the EDS community: 'Finally, someone understands we need more than salt!' Your vascular system works overtime to compensate for lax vessels. Our formula provides the tools for that extra work.","#EDScommunity #Understanding #Support","We see you"
2025-03-08,Saturday,Weekend Wisdom,"EDS weekend tip: Isometric exercises > stretching. Build muscle to support loose joints. Hydrate strategically to support the extra muscle work. Our B vitamins + magnesium aid muscle recovery.","#EDStips #Exercise #Weekend","Smart movement"
2025-03-09,Sunday,Science Deep Dive,"Proprioception problems in EDS affect autonomic function 🧵 1/ Poor position sense 2/ → Increased fall risk 3/ → Anxiety/vigilance 4/ → Sympathetic overdrive 5/ → Autonomic dysfunction. Everything connects...","#Proprioception #EDS #Science","Dive deeper 👇"
2025-03-10,Monday,Muscle Monday,"EDS muscles work 3x harder to stabilize loose joints. They need: adequate electrolytes, B vitamins for energy production, magnesium for relaxation. We provide all three in ratios designed for overworked systems.","#Muscles #EDS #Support","Feed your muscles"
2025-03-11,Tuesday,B1 for EDS,"Thiamine deficiency is common in EDS due to GI dysfunction. Low B1 → poor energy production → more fatigue → less muscle support for joints. Our benfotiamine (fat-soluble B1) absorbs even with GI issues.","#Thiamine #EDS #Energy","Better absorption"
2025-03-12,Wednesday,GI Connection,"EDS gut = slow motility, poor absorption, SIBO risk. Standard supplements often make things worse. Our formula: no fermentable fibers, no sugar alcohols, no gut irritants. Designed for sensitive systems.","#GutHealth #EDS #Absorption","Gentle on guts"
2025-03-13,Thursday,Comparison Post,"Regular magnesium supplements: 400-800mg of one form, often causing GI upset. Our approach: 400mg glycinate (gentle) + 500mg L-threonate (brain-targeted). Strategic dosing for EDS needs without the digestive drama.","#Magnesium #Comparison #EDS","Smarter supplementation"
2025-03-14,Friday,FAQ EDS Edition,"Q: 'Will this help my joint pain?' A: No, but it may help the autonomic response TO pain. Q: 'Safe with gastroparesis?' A: Yes, no gut irritants. Q: 'Help with fatigue?' A: B vitamins + stable blood volume = better energy.","#EDSfaq #Community #Answers","Your questions answered"
2025-03-15,Saturday,Weekend Watch,"EDS flare cascade: Joint injury → pain → poor sleep → autonomic dysfunction → more injuries. Our formula helps stabilize the autonomic piece while you manage the rest. Break one link, weaken the chain.","#FlareManagement #EDS #Weekend","Break the cascade"
2025-03-16,Sunday,Monthly Check-in,"Mid-month EDS insights: ✓ Vascular support is key ✓ Muscle support prevents joint stress ✓ GI-friendly formulation matters ✓ Autonomic stability reduces cascade effects. Small supports, big impact.","#MonthlyCheckIn #EDS #Progress","Track your progress"
2025-03-17,Monday,St. Patrick's Science,"No luck needed - just science. 🍀 The 'luck of the Irish' won't fix your stretchy collagen, but targeted nutritional support can help your body compensate. Evidence > superstition.","#StPatricksDay #Science #EDS","Science over luck"
2025-03-18,Tuesday,Vessel Support,"Vitamin C + bioflavonoids traditionally support vessel integrity. While we use Vitamin C, we skip bioflavonoids (histamine risk). Instead, taurine provides vessel support through different pathways. Same goal, safer route.","#VesselHealth #VitaminC #EDS","Alternative pathways"
2025-03-19,Wednesday,Symptom Spotlight,"That 'coat hanger' pain hits different with EDS. Lax vessels + poor posture from joint instability = severe upper body blood flow issues. Sodium expands volume, taurine supports vessels, magnesium relaxes muscles.","#CoatHangerPain #EDS #Relief","Target the pain"
2025-03-20,Thursday,Spring Equinox,"Spring = allergy season = mast cell activation = worse EDS symptoms. The triple threat. Our MCAS-friendly formula helps stabilize through seasonal transitions. Prepare now.","#SpringEquinox #Allergies #EDS","Seasonal preparation"
2025-03-21,Friday,Feature Friday,"Real EDS win: 'First time I've made it through PT without presyncope!' Physical therapy is crucial for EDS but triggers POTS. Strategic hydration 30min before PT can make the difference.","#PhysicalTherapy #EDS #Success","Support your PT"
2025-03-22,Saturday,Weekend EDS Hacks,"Compression garments + strategic hydration = EDS management gold. Compression supports vessels externally, our formula supports internally. It's not either/or, it's both/and.","#Compression #EDS #Management","Double support"
2025-03-23,Sunday,Science Summary,"EDS science this week: ✅ Magnesium supports collagen ✅ Taurine helps vessel tone ✅ B vitamins aid overworked muscles ✅ Clean formula respects sensitive guts. Integration > isolation.","#WeeklyScience #EDS #Summary","Weekly wisdom"
2025-03-24,Monday,Muscle Recovery,"Post-exercise recovery in EDS takes longer. Your muscles did extra work stabilizing joints. B1 for energy restoration, magnesium for relaxation, electrolytes for rehydration. Recovery nutrition matters.","#Recovery #EDS #PostExercise","Optimize recovery"
2025-03-25,Tuesday,Nerve Support,"EDS affects nerves too - compression, stretch injuries, small fiber neuropathy. B vitamins are crucial for nerve health. We include B1, B5, B6 - the nerve support trifecta.","#NerveHealth #EDS #BVitamins","Protect your nerves"
2025-03-26,Wednesday,Stability Strategy,"Creating stability with instability: strong muscles, good proprioception, stable autonomics. We handle the third while you work on the first two. Comprehensive approach to a complex condition.","#Stability #EDS #Strategy","Build from within"
2025-03-27,Thursday,Comparison Reality,"'Just drink Gatorade!' Gatorade: sugar, artificial colors, minimal magnesium. EDS needs: stable blood sugar, no triggers, therapeutic magnesium. It's not even close. Your condition deserves better.","#Gatorade #Comparison #EDS","Demand better"
2025-03-28,Friday,Community Voice,"EDS isn't rare - it's rarely diagnosed. 1 in 5000 officially, but many experts suspect higher. You're not alone, your needs are valid, and yes, you deserve targeted solutions.","#EDSawareness #NotAlone #Community","Valid and seen"
2025-03-29,Saturday,Weekend Warrior,"EDS weekend project: Create your flare kit. Compression, ice packs, joint braces, medications, AND strategic hydration. Preparation prevents panic. Our formula is your baseline support.","#FlareKit #EDS #Preparation","Build your kit"
2025-03-30,Sunday,March Wrap-Up,"EDS month insights: Connective tissue affects everything. Vascular, muscular, nervous, digestive - it's all connected. Our formula addresses the autonomic piece of this complex puzzle. April preview: Long COVID connections.","#MarchRecap #EDS #Preview","Onward to April"
2025-03-31,Monday,Transition Day,"From EDS to Long COVID - more connected than you think. Viral triggers, autonomic dysfunction, mast cell activation. April explores how post-viral syndromes created a new wave of dysautonomia awareness.","#Transition #LongCOVID #April","New month, new focus"
2025-04-01,Tuesday,No Joke Science,"April Fools? The only joke is how long it took for post-viral dysautonomia to be recognized. Long COVID made POTS mainstream. Our formula works whether your trigger was viral, genetic, or unknown.","#AprilFools #LongCOVID #Science","Real science, no jokes"
2025-04-02,Wednesday,Post-Viral POTS,"Long COVID POTS isn't 'anxiety about being sick.' It's measurable autonomic damage from viral infection. Inflammation, autoimmunity, direct viral damage - multiple mechanisms, same result: you need autonomic support.","#LongCOVID #POTS #Validation","Your symptoms are real"
2025-04-03,Thursday,Inflammation Focus,"Post-viral inflammation disrupts autonomic function. While you work with your doctor on anti-inflammatories, our magnesium + taurine provide gentle inflammation modulation plus autonomic support.","#Inflammation #LongCOVID #Support","Gentle modulation"
2025-04-04,Friday,Community Friday LC,"Long COVID brought millions into the dysautonomia community. Whether you're newly diagnosed or veteran, the science is the same: stabilize blood volume, support nervous system, manage symptoms strategically.","#LongCOVIDcommunity #Welcome #Support","Welcome to the community"
2025-04-05,Saturday,Weekend Recovery,"Long COVID recovery isn't linear. Good days, bad days, crashes, improvements. Consistent foundational support (like our formula) helps reduce the amplitude of swings. Stability over time.","#Recovery #LongCOVID #Patience","Trust the process"
2025-04-06,Sunday,Science Thread LC,"How viruses trigger dysautonomia 🧵 1/ Direct nerve damage 2/ Autoimmune response 3/ Inflammation cascade 4/ Mitochondrial dysfunction 5/ Result: autonomic chaos. Our formula addresses points 3-5...","#ViralTriggers #Science #Thread","Deep dive below 👇"
2025-04-07,Monday,Mitochondria Monday,"Post-viral fatigue = mitochondrial dysfunction. Your cellular powerhouses are damaged. B1, B5, magnesium - all crucial for ATP production. We include therapeutic amounts of all three.","#Mitochondria #Fatigue #LongCOVID","Power your cells"
2025-04-08,Tuesday,Nerve Recovery,"Small fiber neuropathy is common in Long COVID. These nerves control sweating, heart rate, blood pressure - all autonomic functions. B vitamins support nerve repair while you heal. Marathon, not sprint.","#Neuropathy #LongCOVID #Healing","Support repair"
2025-04-09,Wednesday,Brain Fog Battle,"Long COVID brain fog: inflammation + poor perfusion + mitochondrial dysfunction. Our L-threonate magnesium crosses BBB for direct brain support. Think clearly again.","#BrainFog #LongCOVID #Clarity","Clear the fog"
2025-04-10,Thursday,Comparison Post,"'Just rest and you'll recover.' Rest without targeted support = slower recovery. You need nervous system nutrients, blood volume support, and cellular energy optimization. Rest + support = progress.","#Recovery #Myths #LongCOVID","Active recovery"
2025-04-11,Friday,FAQ Long COVID,"Q: 'How long until I feel better?' A: Recovery varies, but consistent support helps. Q: 'Will this cure Long COVID?' A: No, but it supports systems while you heal. Q: 'Safe with other treatments?' A: Yes, complementary support.","#LongCOVIDfaq #RealAnswers #Community","Honest answers"
2025-04-12,Saturday,Weekend Pacing,"Pacing with Long COVID: Energy envelope theory. Stay within limits, gradually expand. Our formula helps stabilize baseline energy so your envelope is more predictable. Stability enables progress.","#Pacing #LongCOVID #Energy","Smart pacing"
2025-04-13,Sunday,Research Recap,"Latest Long COVID research shows: Persistent inflammation, autonomic dysfunction, and mitochondrial issues. Our formula addresses all three. Science is catching up to what patients knew all along.","#Research #LongCOVID #Validation","Science validates"
2025-04-14,Monday,Autoimmune Angle,"Some Long COVID cases involve autoantibodies against autonomic receptors. While we can't fix autoimmunity, we can support the systems under attack. Stabilize what you can while treating root causes.","#Autoimmune #LongCOVID #Support","Work with what works"
2025-04-15,Tuesday,Histamine and LC,"Many develop histamine intolerance post-COVID. Our MCAS-friendly formula avoids triggers while supporting recovery. No citric acid, no fermented ingredients, just clean support.","#Histamine #LongCOVID #MCAS","Safe for sensitive"
2025-04-16,Wednesday,Symptom Cycles,"Long COVID symptom cycles: Overdo → crash → rest → repeat. Our formula helps flatten the curve. More stable baseline = smaller crashes = faster overall recovery.","#SymptomCycles #LongCOVID #Stability","Break the cycle"
2025-04-17,Thursday,Medical Gaslighting,"'Your tests are normal' doesn't mean you're fine. Autonomic dysfunction often doesn't show on standard tests. Your symptoms are real, your suffering is valid, and you deserve support.","#MedicalGaslighting #LongCOVID #Validation","Trust yourself"
2025-04-18,Friday,Community Wins,"Success story: 'Three months of consistent use - I can work half days again!' Long COVID recovery is possible. Slow, non-linear, but possible. Celebrate every win.","#Success #LongCOVID #Hope","Celebrate progress"
2025-04-19,Saturday,Weekend Watch LC,"Weekend reminder: Long COVID recovery requires radical rest + strategic support. Our formula provides the support while you provide the rest. Both are non-negotiable.","#WeekendRest #LongCOVID #Recovery","Rest + support"
2025-04-20,Sunday,Month Check-In,"Long COVID insights so far: ✓ Multi-system condition ✓ Requires comprehensive support ✓ Recovery is possible but slow ✓ Consistency matters more than intensity. Keep going.","#MonthlyCheck #LongCOVID #Progress","Stay consistent"
2025-04-21,Monday,Cellular Support,"Your cells are struggling post-COVID. They need: electrolytes for function, B vitamins for energy production, magnesium for hundreds of processes. We provide all three in bioavailable forms.","#CellularHealth #LongCOVID #Support","Feed your cells"
2025-04-22,Tuesday,Earth Day Energy,"Earth Day reminder: Your body is an ecosystem. Long COVID disrupted the balance. Our formula helps restore equilibrium naturally. Sustainable health for a sustainable planet. 🌍","#EarthDay #Sustainability #Health","Natural balance"
2025-04-23,Wednesday,Relapse Reality,"Long COVID relapses happen. Virus reactivation, overexertion, stress - all triggers. Having consistent baseline support reduces relapse severity. Prepare for setbacks, celebrate comebacks.","#Relapse #LongCOVID #Reality","Prepare and persist"
2025-04-24,Thursday,Testing Truths,"Standard tests often miss dysautonomia. Tilt table, QSART, specific antibodies - these reveal what CBC and metabolic panels don't. Advocate for appropriate testing. Knowledge is power.","#Testing #LongCOVID #Advocacy","Get the right tests"
2025-04-25,Friday,Feature Focus LC,"Why we chose L-alanine over glucose: Post-viral patients often have reactive hypoglycemia. Glucose causes spikes/crashes. L-alanine provides steady energy without the rollercoaster.","#LAlanine #LongCOVID #Stability","Steady energy"
2025-04-26,Saturday,Weekend Wisdom LC,"Long COVID taught us: Health is not guaranteed, recovery is not linear, and support systems matter. Our formula is part of your support system. You're not alone in this.","#Wisdom #LongCOVID #Community","Together we heal"
2025-04-27,Sunday,Science Sunday LC,"Vagus nerve dysfunction in Long COVID 🧵 1/ Virus may directly infect vagus 2/ Inflammation disrupts signaling 3/ Result: GI issues, heart rate problems, breathing difficulties 4/ B5 supports vagal function...","#VagusNerve #LongCOVID #Science","Thread continues 👇"
2025-04-28,Monday,Recovery Reality,"Long COVID recovery timeline: Months to years, not weeks. Our formula provides consistent support throughout. It's a marathon - pace yourself, fuel properly, celebrate small wins.","#Recovery #Timeline #LongCOVID","Marathon mindset"
2025-04-29,Tuesday,Inflammation Control,"Chronic inflammation drives Long COVID. While medical treatment is essential, nutritional support matters too. Magnesium, Vitamin C, B vitamins - all play anti-inflammatory roles.","#Inflammation #Nutrition #LongCOVID","Support from within"
2025-04-30,Wednesday,April Finale,"Long COVID month complete. You're not crazy, lazy, or making it up. You're dealing with complex multi-system dysfunction. May preview: Exploring the stress-dysautonomia connection.","#AprilRecap #LongCOVID #MayPreview","Onward to May"
2025-05-01,Thursday,Stress Month Begin,"May focus: How stress drives dysautonomia. Chronic stress → HPA axis dysfunction → autonomic chaos. Our formula provides stress resilience nutrients while you work on stress management.","#Stress #May #Dysautonomia","Stress awareness month"
2025-05-02,Friday,Cortisol Connection,"Morning cortisol should spike, then gradually fall. In dysautonomia, it's often flat or reversed. B5 (100mg) supports healthy cortisol production. Fix the rhythm, improve the symptoms.","#Cortisol #Stress #Rhythm","Restore rhythm"
2025-05-03,Saturday,Weekend Calm,"Weekend stress relief: Breathwork, gentle movement, adequate hydration with nervous system support. Magnesium + B vitamins help your nervous system actually respond to relaxation techniques.","#WeekendCalm #StressRelief #Relaxation","Enhance relaxation"
2025-05-04,Sunday,Stress Science,"The stress cascade 🧵 1/ Perceived threat 2/ HPA axis activation 3/ Cortisol + adrenaline release 4/ Autonomic dysfunction if chronic 5/ Why nutritional support matters for resilience...","#StressScience #Thread #HPA","Science of stress 👇"
2025-05-05,Monday,Mineral Monday,"Stress depletes magnesium. Low magnesium worsens stress response. It's a vicious cycle. Our 900mg (glycinate + threonate) helps break the cycle. Calm body, calm mind.","#Magnesium #StressDepletion #Monday","Break the cycle"
2025-05-06,Tuesday,B-Complex and Stress,"B vitamins are stress vitamins. They're water-soluble, easily depleted, essential for neurotransmitter production. Our B1, B5, B6 trio supports stress resilience at the cellular level.","#BVitamins #Stress #Depletion","Replenish daily"
2025-05-07,Wednesday,Physical Effects,"Stress isn't 'just mental' - it's profoundly physical. Increased heart rate, blood pressure changes, digestive issues, immune suppression. Our formula supports the physical systems stress attacks.","#PhysicalStress #NotJustMental #Support","Address the physical"
2025-05-08,Thursday,Comparison Post,"Adaptogens are trendy but many trigger MCAS or interact with meds. Our approach: provide the basic nutrients your stress response system needs to function. Foundation before fancy.","#Adaptogens #Basics #Comparison","Foundation first"
2025-05-09,Friday,Community Share,"'Since starting your formula, my stress doesn't spiral into full POTS flares anymore.' Nutritional resilience helps your body handle stress without complete autonomic meltdown.","#CommunityWin #Stress #Resilience","Share your wins"
2025-05-10,Saturday,Stress Toolkit,"Your stress management toolkit: Therapy, meditation, exercise, boundaries, AND nutritional support. Our formula is one tool, not the only tool. Comprehensive approach to complex problems.","#StressToolkit #Comprehensive #Saturday","Build your toolkit"
2025-05-11,Sunday,Mother's Day,"To all the moms managing chronic illness: Your strength is extraordinary. Today, let others care for you. Stable hydration and rest - doctor's orders. Happy Mother's Day! 💕","#MothersDay #ChronicIllnessMom #Rest","Moms need support too"
2025-05-12,Monday,Trauma Connection,"Trauma and dysautonomia often connect. Chronic stress from trauma dysregulates the nervous system. While therapy heals trauma, nutritional support helps stabilize the physical dysregulation.","#Trauma #Dysautonomia #Healing","Heal all aspects"
2025-05-13,Tuesday,Taurine and GABA,"Taurine enhances GABA - your brain's brake pedal. When stress hits, GABA helps you not spiral. Our 300mg taurine provides gentle GABA support without sedation.","#Taurine #GABA #Calm","Natural calm"
2025-05-14,Wednesday,Work Stress,"Work stress + dysautonomia = extra challenge. Can't quit your job? Optimize what you can: regular hydration breaks, compression socks, our formula 30min before stressful meetings.","#WorkStress #Dysautonomia #Coping","Optimize what you can"
2025-05-15,Thursday,Medical Stress,"Medical gaslighting is traumatic stress. Being dismissed, not believed, told it's anxiety - this stress worsens dysautonomia. You deserve validation AND practical support.","#MedicalTrauma #Validation #Stress","Valid and supported"
2025-05-16,Friday,FAQ Stress Edition,"Q: 'Will this replace anxiety meds?' A: No, it's nutritional support, not medication. Q: 'Help with panic attacks?' A: May reduce frequency by supporting baseline stability. Q: 'Safe with SSRIs?' A: Yes.","#FAQ #Stress #Medication","Clear answers"
2025-05-17,Saturday,Weekend Reset,"Weekend stress reset: Sleep in, gentle movement, time in nature, strategic hydration. Our magnesium L-threonate specifically supports sleep quality. Better sleep = better stress resilience.","#WeekendReset #Sleep #Stress","Reset and restore"
2025-05-18,Sunday,Stress Summary,"Mid-month insights: ✓ Stress physically depletes nutrients ✓ Nutritional support improves resilience ✓ It's not 'all in your head' ✓ Comprehensive approach works best. Keep building resilience.","#MidMonth #Stress #Summary","Build resilience"
2025-05-19,Monday,Acute vs Chronic,"Acute stress: body handles it. Chronic stress: body breaks down. Dysautonomia is often the result of chronic stress overwhelming systems. Daily support helps prevent overwhelm.","#ChronicStress #Acute #Dysautonomia","Prevent overwhelm"
2025-05-20,Tuesday,Vagal Tone,"Stress reduces vagal tone. Low vagal tone = sympathetic dominance = dysautonomia symptoms. B5 makes acetylcholine for vagal signaling. Feed the nerve, improve the tone.","#VagalTone #Stress #B5","Improve your tone"
2025-05-21,Wednesday,Inflammation Link,"Chronic stress → chronic inflammation → autonomic dysfunction. Our Vitamin C + magnesium provide gentle anti-inflammatory support while you address stress sources.","#Inflammation #Stress #Support","Address all angles"
2025-05-22,Thursday,Social Stress,"Social stress with chronic illness: Canceling plans, explaining symptoms, feeling isolated. Remember: taking care of yourself IS taking care of your relationships. Boundaries are healthy.","#SocialStress #Boundaries #ChronicIllness","Boundaries matter"
2025-05-23,Friday,Feature Friday,"Why 100mg B5? It's the sweet spot - enough to support cortisol and acetylcholine production without causing imbalance. More isn't always better. Precision matters.","#B5 #Dosing #Precision","Right dose matters"
2025-05-24,Saturday,Holiday Weekend,"Memorial Day weekend: Family, travel, disrupted routines = stress. Pack your formula, maintain hydration schedule, give yourself permission to rest. Holidays should help, not harm.","#MemorialDay #Holiday #Stress","Plan ahead"
2025-05-25,Sunday,Stress Science 2,"Fight-flight-freeze-fawn 🧵 1/ All stress responses 2/ All involve autonomic dysfunction 3/ Nutritional needs increase in all states 4/ Why consistent support matters regardless of your response type...","#StressResponse #Science #Thread","Full thread below 👇"
2025-05-26,Monday,Memorial Day,"Honoring those who served while serving yourself. Veterans have higher rates of dysautonomia (trauma, stress, exposures). Our formula honors your service by supporting your health. 🇺🇸","#MemorialDay #Veterans #Honor","Thank you for serving"
2025-05-27,Tuesday,Stress Recovery,"Post-stress recovery needs: Extra B vitamins (depleted), magnesium (used up), stable blood sugar (L-alanine). Our formula provides all three. Recover faster, crash less.","#Recovery #PostStress #Nutrients","Faster recovery"
2025-05-28,Wednesday,Emotional Stress,"Emotional stress is physical stress. Grief, anger, fear - all trigger the same autonomic responses. Support your nervous system through emotional times. Feelings are physical too.","#EmotionalStress #Physical #Support","Emotions are physical"
2025-05-29,Thursday,Comparison Clear,"Calm app: $70/year for meditation. Therapy: $150/session. Our formula: Daily nervous system support that enhances both. Not a replacement, but a foundation that makes other tools work better.","#ValueComparison #Stress #Investment","Enhance everything"
2025-05-30,Friday,Community Power,"Stress shared is stress halved. Our community understands the stress of chronic illness. You're not weak for struggling. You're strong for continuing. We see you.","#Community #StressShared #Strength","Share the load"
2025-05-31,Saturday,May Finale,"Stress month complete. Key takeaway: Stress is physical, depletion is real, support is essential. June preview: Summer heat and dysautonomia - survival strategies incoming.","#MayRecap #Stress #JunePreview","Onward to summer"
2025-06-01,Sunday,Summer Challenge,"June = Heat = Dysautonomia nightmare. Heat dilates vessels → blood pools → symptoms worsen. Our sodium + taurine combo helps maintain vascular tone even when temperature rises.","#Summer #Heat #Dysautonomia","Summer survival mode"
2025-06-02,Monday,Heat Science,"Why heat worsens POTS 🧵 1/ Heat causes vasodilation 2/ Blood vessels expand 3/ Blood pools in legs 4/ Less blood returns to heart 5/ Heart rate increases to compensate. Our formula helps at steps 2 and 3...","#HeatScience #POTS #Thread","Science of heat 👇"
2025-06-03,Tuesday,Cooling Tuesday,"Cooling strategies that work: Ice vests, cooling towels, cold drinks, AC always. Our formula works from inside while cooling works from outside. Internal + external = better control.","#Cooling #Summer #Strategies","Cool from all angles"
2025-06-04,Wednesday,Sweat Science,"Sweating depletes more than sodium. You lose potassium, magnesium, B vitamins. Our comprehensive formula replaces what sweat takes. Not just salt - complete replacement.","#Sweat #Electrolytes #Depletion","Replace everything"
2025-06-05,Thursday,Pool Problems,"Swimming seems perfect but... Chlorine triggers MCAS, heat causes vasodilation, position changes trigger symptoms. If you swim: hydrate before, during, after. Make water work for you.","#Swimming #Summer #POTS","Smart swimming"
2025-06-06,Friday,Community Heat Hacks,"Your best heat hacks: 'Frozen formula slushies!' 'Compression socks in freezer!' 'Cooling vest under clothes!' Community wisdom > medical textbooks sometimes. Share yours!","#HeatHacks #Community #Summer","Share your hacks"
2025-06-07,Saturday,Weekend Heat Plan,"Weekend heat plan: Early morning activities, midday rest, evening gentle time. Hydrate continuously, not just when thirsty. Our formula every 4-6 hours in heat.","#WeekendPlan #Heat #Hydration","Plan your day"
2025-06-08,Sunday,Heat Exhaustion,"Heat exhaustion vs POTS flare - sometimes both! Either way: cool down, hydrate with electrolytes + cofactors, rest. Our formula addresses both dehydration AND autonomic dysfunction.","#HeatExhaustion #POTS #Safety","Know the signs"
2025-06-09,Monday,Magnesium Monday Heat,"Heat cramps? Probably low magnesium. Sweating depletes it fast. Our 900mg dual-form dose prevents deficiency even with heavy sweating. No more midnight leg cramps.","#Magnesium #HeatCramps #Monday","Prevent the cramps"
2025-06-10,Tuesday,Indoor Strategy,"AC is medical equipment for dysautonomia, not luxury. Cool environment = less vasodilation = fewer symptoms. Our formula + climate control = summer survival.","#AirConditioning #Medical #Summer","AC is healthcare"
2025-06-11,Wednesday,Hydration Timing,"Summer hydration timing: Before you're thirsty, before activities, before bed, upon waking. Consistent intake > chugging. Our formula works best with steady dosing.","#HydrationTiming #Summer #Consistency","Time it right"
2025-06-12,Thursday,Travel Heat,"Summer travel + dysautonomia = extra planning. Pack extra formula, compression, cooling tools. Airport AC varies widely. Prepare for worst, hope for best.","#Travel #Summer #Planning","Travel prepared"
2025-06-13,Friday,FAQ Summer Edition,"Q: 'Double dose in summer?' A: Safe to increase frequency, not serving size. Q: 'Add extra salt?' A: Our 750mg is calibrated - more may imbalance. Q: 'Mix with ice?' A: Yes!","#FAQ #Summer #Dosing","Summer answers"
2025-06-14,Saturday,Flag Day Focus,"Flag Day reminder: Freedom includes freedom from preventable suffering. Everyone deserves access to proper hydration support. Advocating for better solutions is patriotic. 🇺🇸","#FlagDay #Advocacy #Access","Advocate for all"
2025-06-15,Sunday,Father's Day,"To dads supporting kids with dysautonomia: Your understanding means everything. Learning about sodium-potassium ratios and vagal tone shows love. Happy Father's Day! 👨‍👧‍👦","#FathersDay #Support #Love","Dads who get it"
2025-06-16,Monday,Heat Cascade,"Heat cascade: Hot → vasodilation → pooling → tachycardia → anxiety → more symptoms. Break it early with cooling + proper hydration. Stop cascades before they start.","#HeatCascade #Prevention #Monday","Break the cascade"
2025-06-17,Tuesday,Exercise Heat,"Summer exercise: Pool, early morning, indoor only. Your body works harder in heat. Adjust expectations. Our B vitamins + electrolytes support whatever movement you can manage.","#Exercise #Summer #Adaptation","Adjust and adapt"
2025-06-18,Wednesday,Shower Struggles,"Summer shower paradox: Need cool shower but position change + temperature change = double trigger. Shower stool + gradual temperature change + pre-hydration = safer showers.","#ShowerStruggles #Summer #Tips","Shower safely"
2025-06-19,Thursday,Comparison Summer,"Sports drinks in summer: Gatorade = sugar spike. BodyArmor = coconut water (high potassium). Prime = influencer hype. Ours = engineered for autonomic support, not athletics.","#Comparison #SummerDrinks #Science","Choose wisely"
2025-06-20,Friday,Solstice Science,"Summer solstice = longest day = most heat exposure. Your autonomic system is working overtime. Extra support today. Consider it hazard pay for your nervous system. ☀️","#SummerSolstice #Science #Support","Longest day support"
2025-06-21,Saturday,Weekend Warriors,"Summer weekend warriors: Beach, BBQ, outdoor events = recipe for flares. Not saying don't go - saying go prepared. Cooling vest, umbrella, formula, exit strategy.","#Weekend #Summer #Preparation","Enjoy safely"
2025-06-22,Sunday,Heat Week Recap,"Heat week lessons: ✓ Prevention > treatment ✓ Consistent hydration > panic drinking ✓ Internal + external cooling ✓ Adjust expectations for summer. Grace with yourself.","#WeekRecap #Heat #Lessons","Learn and adapt"
2025-06-23,Monday,Humidity Factor,"Humidity makes everything worse. Can't sweat effectively → can't cool → symptoms spiral. Our formula helps maintain electrolyte balance even when sweating is impaired.","#Humidity #Summer #Challenges","Combat humidity"
2025-06-24,Tuesday,UV and MCAS,"Sun exposure can trigger mast cells. UV → histamine release → vasodilation → POTS flare. Sunscreen + shade + antihistamines + our MCAS-safe formula. Layer your protection.","#UV #MCAS #Summer","Protect fully"
2025-06-25,Wednesday,Dehydration Signs,"Dehydration in dysautonomia looks different: Might not feel thirsty, urine might be clear (diabetes insipidus), but symptoms worsen. Don't wait for obvious signs. Preventive hydration.","#Dehydration #Signs #Prevention","Prevent, don't react"
2025-06-26,Thursday,Night Sweats,"Summer night sweats + dysautonomia = morning depletion. Keep formula mixed bedside. Middle-of-night dosing prevents morning crashes. Sleep hydrated, wake stable.","#NightSweats #Summer #Strategy","Overnight support"
2025-06-27,Friday,Feature Focus Heat,"Why sodium citrate shines in summer: Alkalinizing effect helps with heat-induced metabolic stress. Plus citrate feeds Krebs cycle - more efficient energy in heat.","#SodiumCitrate #Summer #Energy","Smart sodium choice"
2025-06-28,Saturday,Month End Heat,"Almost through June! Summer survival skills: ✓ Consistent hydration ✓ Temperature management ✓ Adjusted expectations ✓ Community support. July will be easier with these skills.","#JuneRecap #Summer #Skills","Skills acquired"
2025-06-29,Sunday,Heat Science Final,"Temperature regulation in dysautonomia 🧵 1/ Hypothalamus controls temperature 2/ Communicates via autonomic nerves 3/ If ANS is dysfunctional, temp regulation fails 4/ Why external cooling + internal support both matter...","#Temperature #Science #Thread","Final heat science 👇"
2025-06-30,Monday,June Finale,"June complete! You survived the heat challenge. July preview: Independence - from symptoms, from limitations, from inadequate solutions. Freedom through proper support.","#JuneComplete #July #Preview","Onward to freedom"
2025-07-01,Tuesday,Freedom Month,"July: Freedom from symptoms that control your life. Independence through understanding your condition and having the right tools. Our formula is your declaration of independence from inadequate hydration.","#July #Freedom #Independence","Declare independence"
2025-07-02,Wednesday,Symptom Freedom,"Freedom from: Random HR spikes, unpredictable crashes, brain fog, exercise intolerance. Freedom to: Live, work, play, exist without constant fear. Proper support enables freedom.","#SymptomFreedom #Independence #Life","Choose freedom"
2025-07-03,Thursday,Pre-Holiday Prep,"July 4th prep: Crowds, heat, fireworks (loud = stress). Pre-hydrate, bring cooling tools, have exit plan. Celebrate freedom while protecting your autonomic system.","#July4thPrep #Holiday #Planning","Celebrate safely"
2025-07-04,Friday,Independence Day,"Today we celebrate independence. For chronic illness warriors, that means independence from dismissive doctors, inadequate treatments, and formulas that don't understand our needs. 🇺🇸🎆","#IndependenceDay #ChronicIllness #Freedom","True independence"
2025-07-05,Saturday,Recovery Day,"Post-holiday recovery: Extra hydration, rest, gentle movement. Celebrations are taxing for dysautonomia. Our formula helps restore what yesterday depleted. Recovery is self-care.","#Recovery #PostHoliday #SelfCare","Recover wisely"
2025-07-06,Sunday,Freedom Thread,"What freedom means with chronic illness 🧵 1/ Freedom from shame 2/ Freedom to rest 3/ Freedom to say no 4/ Freedom to advocate 5/ Freedom to demand better solutions...","#FreedomThread #ChronicIllness #Empowerment","Define your freedom 👇"
2025-07-07,Monday,Medical Freedom,"Medical freedom: Choosing providers who listen, treatments that work, supplements that understand your condition. Our formula represents your freedom to choose better.","#MedicalFreedom #Choice #Monday","Choose better"
2025-07-08,Tuesday,Energy Independence,"Energy independence: Not relying on caffeine crashes, sugar spikes, or adrenaline surges. Steady energy from B vitamins + stable blood sugar (L-alanine) = true energy freedom.","#EnergyIndependence #Stable #Tuesday","Sustainable energy"
2025-07-09,Wednesday,Lifestyle Freedom,"Freedom to: Stand up without fear, shower without exhaustion, shop without sitting on floors. Our formula is part of reclaiming these freedoms. Small victories, huge impact.","#LifestyleFreedom #Victories #Wednesday","Reclaim your life"
2025-07-10,Thursday,Comparison Freedom,"Freedom from: One-size-fits-all solutions. LMNT for athletes, Liquid IV for hangovers, ours for autonomic dysfunction. Freedom to choose what actually works for YOUR body.","#Comparison #Freedom #Choice","Your body, your choice"
2025-07-11,Friday,Community Freedom,"Freedom found in community: Not explaining symptoms, being believed, sharing solutions. Our community gets it. Freedom from isolation, freedom in connection.","#CommunityFreedom #Connection #Friday","Free in community"
2025-07-12,Saturday,Weekend Freedom,"Weekend freedom: Choosing rest without guilt, activities within limits, hydration that supports both. Freedom isn't doing everything - it's choosing what serves you.","#WeekendFreedom #Choice #Balance","Choose wisely"
2025-07-13,Sunday,Science of Freedom,"Autonomic freedom through science 🧵 1/ Understanding your condition = power 2/ Right nutrients = stability 3/ Stability = choices 4/ Choices = freedom 5/ How our formula enables each step...","#ScienceFreedom #Thread #Sunday","Science sets you free 👇"
2025-07-14,Monday,Bastille Day Freedom,"Bastille Day: French Revolution for freedom. Your revolution: Overthrowing inadequate treatments, demanding better solutions, taking control of your health. Vive la révolution! 🇫🇷","#BastilleDay #Revolution #Freedom","Start your revolution"
2025-07-15,Tuesday,Financial Freedom,"Financial freedom: Not choosing between medications and supplements. Our formula is priced fairly because healthcare shouldn't bankrupt you. Everyone deserves access.","#FinancialFreedom #Access #Tuesday","Affordable support"
2025-07-16,Wednesday,Symptom Independence,"Independence from symptom spirals: One trigger → cascade → day ruined. Our formula helps break cascades. Magnesium calms, taurine stabilizes, B vitamins support. Stop spirals.","#SymptomIndependence #Cascades #Wednesday","Break the spiral"
2025-07-17,Thursday,Treatment Freedom,"Freedom to combine treatments: Our formula works with medications, lifestyle changes, other supplements. Not 'instead of' but 'along with.' Comprehensive freedom.","#TreatmentFreedom #Comprehensive #Thursday","Freedom to combine"
2025-07-18,Friday,FAQ Freedom Edition,"Q: 'Free from all symptoms?' A: Improvement, not cure. Q: 'Freedom from medications?' A: We complement, not replace. Q: 'Free samples?' A: Email us about financial hardship program.","#FAQ #Freedom #Honesty","Honest freedom"
2025-07-19,Saturday,Summer Freedom","Mid-summer freedom: You've learned heat management, hydration timing, pacing strategies. Knowledge + tools = freedom. You're more capable than you were in June.","#SummerFreedom #Growth #Saturday","Celebrate growth"
2025-07-20,Sunday,Freedom Check-In,"Freedom check-in: What freedoms have you reclaimed? What still feels out of reach? Our formula is one tool toward freedom, not a magic solution. Progress over perfection.","#FreedomCheckIn #Progress #Sunday","Assess your freedom"
2025-07-21,Monday,Mobility Freedom,"Freedom of movement: Standing, walking, exercising within limits. Our sodium expands volume, magnesium prevents cramps, taurine supports vessels. Move more freely.","#MobilityFreedom #Movement #Monday","Move freely"
2025-07-22,Tuesday,Social Freedom,"Social freedom: Attending events with confidence. Pre-hydrate, bring supplies, know limits, have exit strategy. Our formula is part of your social freedom toolkit.","#SocialFreedom #Events #Tuesday","Socialize confidently"
2025-07-23,Wednesday,Work Freedom,"Work freedom: Managing symptoms while maintaining career. Desk setup, hydration schedule, compression wear, our formula. You shouldn't have to choose between health and income.","#WorkFreedom #Career #Wednesday","Work sustainably"
2025-07-24,Thursday,Travel Freedom,"Travel freedom: Exploring within limits. Pack extra formula, compression, cooling tools. Plan for worst, enjoy the best. Your condition doesn't have to ground you.","#TravelFreedom #Adventure #Thursday","Explore safely"
2025-07-25,Friday,Feature Freedom","Freedom in formulation: No proprietary blends hiding doses. Every ingredient listed, every amount shown. Transparency is freedom. You deserve to know exactly what you're taking.","#Transparency #Freedom #Friday","Full disclosure"
2025-07-26,Saturday,Weekend Liberation,"Weekend liberation: Free from week's stress, free to rest, free to choose gentle activities. Our magnesium L-threonate helps weekend recovery. Restore to face Monday.","#WeekendLiberation #Rest #Saturday","Liberate your weekend"
2025-07-27,Sunday,Freedom Science,"Biochemical freedom 🧵 1/ Proper electrolyte balance = cellular freedom 2/ Adequate B vitamins = metabolic freedom 3/ Sufficient magnesium = muscle freedom 4/ Result: System-wide liberation...","#BiochemicalFreedom #Science #Sunday","Science of liberation 👇"
2025-07-28,Monday,Freedom Week Recap,"Freedom week insights: ✓ Freedom is multifaceted ✓ Small freedoms matter ✓ Tools enable freedom ✓ Community amplifies freedom. You're freer than you think.","#FreedomRecap #Insights #Monday","Recognize your freedoms"
2025-07-29,Tuesday,Future Freedom,"Future freedom: Better treatments coming, more awareness growing, research advancing. Our formula is current best solution, not final solution. Hope for more freedom ahead.","#FutureFreedom #Hope #Tuesday","Freedom grows"
2025-07-30,Wednesday,Freedom Investment,"Investing in freedom: Time, money, energy spent on health isn't selfish - it's necessary. Our formula is investment in your future freedom. Compound interest on health.","#Investment #Freedom #Wednesday","Invest in yourself"
2025-07-31,Thursday,July Freedom Finale,"July's freedom month complete. You've redefined freedom for chronic illness. August preview: Back-to-school/work season - maintaining stability during transitions.","#JulyFinale #Freedom #AugustPreview","Freedom achieved"
2025-08-01,Friday,Transition Month,"August: Season of transitions. School, work, weather changes. Transitions trigger dysautonomia. Our formula provides stability through change. Steady through shifts.","#August #Transitions #Stability","Navigate change"
2025-08-02,Saturday,Routine Disruption,"Back-to-school/work disrupts routines that keep you stable. Prep now: Set hydration alarms, pack formula portions, plan rest periods. Maintain stability through change.","#Routine #Disruption #Planning","Plan for change"
2025-08-03,Sunday,Transition Science,"Why transitions trigger symptoms 🧵 1/ Routine change = stress 2/ Stress = autonomic activation 3/ New schedules = disrupted medication/supplement timing 4/ How to maintain stability...","#TransitionScience #Thread #Sunday","Science of change 👇"
2025-08-04,Monday,Monday Motivation,"Mondays hit different with dysautonomia. Weekend rest → Monday demands = jarring transition. Our formula 30min before starting day. Smooth the transition.","#MondayMotivation #Transitions #Support","Ease into Monday"
2025-08-05,Tuesday,School Prep","Parents: Kids with POTS need extra school prep. 504 plan, hydration accommodations, elevator pass, extra formula in nurse's office. Advocate early and often.","#SchoolPrep #POTS #Advocacy","Prepare and advocate"
2025-08-06,Wednesday,Work Return","Returning to office? Dysautonomia challenges: Commute, fluorescent lights, temperature changes, sitting/standing. Strategic hydration helps manage all transitions.","#WorkReturn #Office #Challenges","Office survival"
2025-08-07,Thursday,Comparison Alert,"'Back to school' supplements focus on focus. Ours focuses on stability. Can't concentrate if you're dizzy. Foundation (autonomic stability) before enhancement (cognitive boosters).","#Comparison #BackToSchool #Priorities","Foundation first"
2025-08-08,Friday,Community Transition,"Your transition tips: 'Practice wake time week before!' 'Gradual schedule shift!' 'Extra formula during first week!' Community wisdom for smooth transitions. Share yours!","#CommunityTips #Transitions #Friday","Share wisdom"
2025-08-09,Saturday,Weekend Planning","Last weekend before many return to school/work. Prep time: Meal prep, organize supplements, test morning routine. Preparation prevents panic.","#WeekendPlanning #Preparation #Saturday","Use time wisely"
2025-08-10,Sunday,Stress Transition,"Transition stress compounds: New routine + performance anxiety + social demands = autonomic overload. B vitamins + magnesium help manage stress response.","#TransitionStress #Management #Sunday","Manage compound stress"
2025-08-11,Monday,Energy Management,"Transition energy management: You'll use more energy adapting to change. Extra B1 for ATP, L-alanine for stability, magnesium for recovery. Support increased demands.","#EnergyManagement #Transitions #Monday","Meet increased demands"
2025-08-12,Tuesday,Gradual Adjustment,"Sudden changes trigger flares. Gradual is key: Wake 15min earlier daily, increase activity slowly, adjust hydration gradually. Our formula provides consistent baseline.","#GradualAdjustment #Transitions #Tuesday","Slow and steady"
2025-08-13,Wednesday,Midweek Check,"Midweek transition check: How's adjustment going? Symptoms worse? Normal during transitions. Maintain consistent formula schedule. Stability returns with routine.","#MidweekCheck #Transitions #Wednesday","Assess and adjust"
2025-08-14,Thursday,Academic Stress,"Academic stress + dysautonomia = double challenge. Test anxiety triggers symptoms. Pre-exam protocol: Hydrate, breathe, compression, confidence. You've got this.","#AcademicStress #Testing #Thursday","Manage test stress"
2025-08-15,Friday,FAQ Transition Edition,"Q: 'Increase dose during transitions?' A: Increase frequency, not amount. Q: 'How long until adjusted?' A: 2-3 weeks typically. Q: 'Normal to feel worse?' A: Yes, temporarily.","#FAQ #Transitions #Friday","Transition answers"
2025-08-16,Saturday,Weekend Recovery","First week of transition done. Weekend is recovery time. Extra rest, gentle activity, consistent hydration. Monday will be easier than last Monday.","#WeekendRecovery #Progress #Saturday","Recover and rebuild"
2025-08-17,Sunday,Transition Thread 2,"Successful transition strategies 🧵 1/ Start adjusting week early 2/ Maintain core routines 3/ Increase support temporarily 4/ Allow adjustment period 5/ Why patience matters...","#TransitionStrategies #Thread #Sunday","Success strategies 👇"
2025-08-18,Monday,Week Two Easier,"Second Monday of transition. Should feel easier. Body adapting, routine establishing. Maintain formula schedule. Consistency breeds stability.","#WeekTwo #Easier #Monday","Building momentum"
2025-08-19,Tuesday,Temperature Transition","August = temperature fluctuations. Hot outside, cold AC inside. Temperature transitions trigger symptoms. Our formula helps maintain stability despite environmental changes.","#Temperature #Transitions #Tuesday","Stabilize through change"
2025-08-20,Wednesday,Social Transitions,"New school/work = new social dynamics = social stress = autonomic activation. You're not antisocial, you're preserving energy. Boundaries are health management.","#SocialTransitions #Boundaries #Wednesday","Protect your energy"
2025-08-21,Thursday,Comparison Study","Study aids: Caffeine = crashes. Stimulants = cardiovascular stress. Our formula = steady support without spikes. Sustainable focus through stability.","#StudyAids #Comparison #Thursday","Sustainable support"
2025-08-22,Friday,Feature Transition","Why B5 matters during transitions: Supports adrenal adaptation to new stressors. Your adrenals work overtime during change. 100mg B5 provides support without overdrive.","#B5 #Transitions #Friday","Adrenal support"
2025-08-23,Saturday,Weekend Wisdom Trans","Transition wisdom: You can't control the change, but you can control your response. Hydration, nutrition, rest, pacing. Our formula is part of your control toolkit.","#WeekendWisdom #Control #Saturday","Control what you can"
2025-08-24,Sunday,Science Sunday Trans","Circadian rhythm and transitions 🧵 1/ New schedule disrupts circadian rhythm 2/ Disrupted rhythm affects autonomic function 3/ Magnesium L-threonate supports sleep adjustment 4/ Better sleep = easier transition...","#CircadianRhythm #Science #Sunday","Sleep science 👇"
2025-08-25,Monday,Final Week August,"Last week of August. Most transitions stabilizing. If still struggling, be patient. Some need longer adjustment. Maintain support, trust the process.","#FinalWeek #Patience #Monday","Trust the process"
2025-08-26,Tuesday,Routine Established,"By now, new routine should feel familiar. Familiar = less stress = fewer symptoms. Our formula helped bridge the transition. Stability achieved.","#RoutineEstablished #Stability #Tuesday","New normal"
2025-08-27,Wednesday,Lesson Learned","Transition lessons: Preparation helps, gradual is better, support is essential, patience required. Apply these lessons to future transitions. You're more capable now.","#LessonsLearned #Growth #Wednesday","Apply learnings"
2025-08-28,Thursday,September Prep,"September coming: Often easier than August (routines established). Maintain what's working. Our formula continues providing baseline stability.","#SeptemberPrep #Maintain #Thursday","Keep momentum"
2025-08-29,Friday,Community Success,"Transition victories from our community: 'Made it through first week!' 'No major flares!' 'Actually enjoying school!' Your wins inspire others. Share them!","#CommunitySuccess #Victories #Friday","Celebrate wins"
2025-08-30,Saturday,Month Reflection,"August reflection: Navigated major transitions, maintained stability, adapted successfully. You're stronger than you think. Our formula supported, but YOU did the work.","#MonthReflection #Success #Saturday","Recognize strength"
2025-08-31,Sunday,August Finale","August complete! Transition month conquered. September preview: Falling into rhythm - maintaining stability as routines solidify. The hardest part is behind you.","#AugustFinale #September #Preview","Transition complete"
2025-09-01,Monday,Rhythm Month,"September: Finding your rhythm. Transitions settling, routines solidifying. Our formula helps maintain the stability you've built. Sustain the momentum.","#September #Rhythm #Momentum","Maintain rhythm"
2025-09-02,Tuesday,Labor Day Science,"Labor Day honors workers. For dysautonomia warriors, every day is labor. Your body works harder to maintain basic functions. Our formula supports that extra work.","#LaborDay #Recognition #Tuesday","Honor your labor"
2025-09-03,Wednesday,Fall Prep Begin,"Fall approaching: Weather changes, allergen changes, schedule solidifying. Prepare now for seasonal shift. Consistent formula routine helps weather changes.","#FallPrep #Seasonal #Wednesday","Prepare for fall"
2025-09-04,Thursday,Stability September,"September goal: Maintain stability achieved in August. No major changes, just consistent support. Our formula + established routine = sustained wellness.","#Stability #September #Thursday","Sustain wellness"
2025-09-05,Friday,FAQ Fall Edition,"Q: 'Adjust formula for fall?' A: Same dose, maybe increased frequency during weather changes. Q: 'Allergies affect dysautonomia?' A: Yes, histamine connection. Q: 'Seasonal tips?' A: Coming this month!","#FAQ #Fall #Friday","Fall answers"
2025-09-06,Saturday,Weekend Routine,"September weekends: Routine more important than summer spontaneity. Consistent sleep, meals, hydration. Our formula works best with regularity.","#WeekendRoutine #Consistency #Saturday","Routine matters"
2025-09-07,Sunday,Rhythm Science","Biological rhythms and dysautonomia 🧵 1/ Circadian affects autonomic 2/ Monthly hormonal affects autonomic 3/ Seasonal changes affect autonomic 4/ How to support all rhythms...","#BiologicalRhythms #Science #Sunday","Rhythm science 👇"
2025-09-08,Monday,Monday Rhythm,"Monday rhythm established? Should feel more manageable than August Mondays. Proof that consistency + support = improvement. Keep the rhythm going.","#MondayRhythm #Progress #Monday","Feel the improvement"
2025-09-09,Tuesday,Seasonal Allergies,"Fall allergies starting. Histamine → mast cells → autonomic symptoms. Our MCAS-friendly formula won't add to histamine burden. Safe through allergy season.","#Allergies #Fall #Tuesday","Allergy-safe support"
2025-09-10,Wednesday,Midweek Maintain,"Midweek maintenance: Not pushing for improvement, just maintaining stability. Sometimes steady is the win. Our formula supports consistent baseline.","#Maintenance #Stability #Wednesday","Steady wins"
2025-09-11,Thursday,Never Forget,"Remembering 9/11. Trauma affects autonomic function long-term. Many first responders developed dysautonomia. Our formula honors their service by supporting their health.","#NeverForget #FirstResponders #Thursday","Honor through support"
2025-09-12,Friday,Community Rhythm,"Your rhythm tips: 'Same bedtime crucial!' 'Meal timing matters!' 'Formula same time daily!' Rhythm isn't boring - it's healing. Share your rhythm secrets!","#CommunityRhythm #Tips #Friday","Share your rhythm"
2025-09-13,Saturday,Weekend Stability,"September weekend: Less pressure than summer fun, more stable than August transition. Enjoy the calm. Our formula maintains your equilibrium.","#WeekendStability #Calm #Saturday","Enjoy stability"
2025-09-14,Sunday,Science Summary Sept","September science so far: ✓ Rhythms affect autonomic function ✓ Consistency improves symptoms ✓ Seasonal changes need support ✓ Stability enables life. Keep going.","#ScienceSummary #September #Sunday","Science supports you"
2025-09-15,Monday,Halfway September,"Halfway through September. Rhythm established? Energy more stable? Symptoms more predictable? These are wins. Our formula + your consistency = progress.","#Halfway #September #Monday","Recognize progress"
2025-09-16,Tuesday,Temperature Rhythm,"September temperature swings: Cool mornings, warm afternoons. Layer clothing, adjust hydration. Our formula helps maintain stability through temperature rhythm.","#Temperature #September #Tuesday","Navigate swings"
2025-09-17,Wednesday,Work Rhythm","Work rhythm established: Knowing your productive hours, energy dips, break needs. Our formula provides consistent support for YOUR rhythm.","#WorkRhythm #Productivity #Wednesday","Find your flow"
2025-09-18,Thursday,Comparison Rhythm,"Energy drinks promise productivity. We promise stability. Stability enables sustainable productivity. Spikes and crashes aren't rhythm - they're chaos.","#Comparison #Rhythm #Thursday","Choose stability"
2025-09-19,Friday,Feature Friday Sept,"Why consistent timing matters: Your body anticipates support, utilizes nutrients better, maintains steadier levels. Same time daily > random dosing.","#Timing #Consistency #Friday","Time it right"
2025-09-20,Saturday,Autumn Equinox,"Fall equinox: Equal day/night. Seeking balance in your health too. Our formula helps balance electrolytes, nervous system, energy. Nature teaches balance.","#AutumnEquinox #Balance #Saturday","Find balance"
2025-09-21,Sunday,Rhythm Thread Final,"Mastering your rhythm 🧵 1/ Identify your patterns 2/ Support consistently 3/ Adjust gradually 4/ Maintain religiously 5/ Why rhythm = freedom...","#RhythmMastery #Thread #Sunday","Master your rhythm 👇"
2025-09-22,Monday,Fall Officially","Fall official! Your rhythm should carry you through seasonal change. Established stability + consistent support = resilience to change.","#Fall #Official #Monday","Embrace fall"
2025-09-23,Tuesday,Harvest Season,"Harvest season: Time to reap benefits of consistent routine. Months of steady formula use showing results. Your investment in stability paying off.","#Harvest #Benefits #Tuesday","Reap rewards"
2025-09-24,Wednesday,Stability Check Sept","Stability check: Compare to June. More heat tolerance? Better transitions? Steadier energy? Our formula + your dedication = measurable improvement.","#StabilityCheck #Progress #Wednesday","Measure improvement"
2025-09-25,Thursday,Weather Rhythm,"Fall weather patterns emerging. Track how weather affects you. Our formula provides consistent baseline regardless of barometric pressure.","#Weather #Patterns #Thursday","Track patterns"
2025-09-26,Friday,FAQ Rhythm Edition,"Q: 'When to see rhythm benefits?' A: 2-4 weeks typically. Q: 'Rhythm disrupted by travel?' A: Maintain formula schedule across time zones. Q: 'Perfect timing?' A: Your consistent timing IS perfect.","#FAQ #Rhythm #Friday","Rhythm answers"
2025-09-27,Saturday,Weekend Wellness Sept","September weekend wellness: You've mastered rhythm. Enjoy the stability. Our formula continues supporting while you live your life.","#WeekendWellness #Stability #Saturday","Live fully"
2025-09-28,Sunday,Month Review Sept","September review: ✓ Established rhythm ✓ Maintained stability ✓ Prepared for fall ✓ Recognized progress. October preview: Dysautonomia Awareness Month!","#MonthReview #September #Sunday","Ready for October"
2025-09-29,Monday,Awareness Prep,"Tomorrow starts Dysautonomia Awareness Month! Time to educate, advocate, celebrate our community. Our formula exists because awareness drives innovation.","#AwarenessPrep #October #Monday","Prepare to advocate"
2025-09-30,Tuesday,September Success","September finale: You found your rhythm, maintained stability, prepared for change. October brings opportunity to share your journey. Your story matters.","#SeptemberSuccess #Finale #Tuesday","Success achieved"
2025-10-01,Wednesday,Awareness Month,"October: Dysautonomia Awareness Month! Time to be loud about our invisible illness. Share your story, educate others, demand better solutions. We're with you.","#DysautonomiaAwareness #October #Advocacy","Be loud"
2025-10-02,Thursday,Statistics Day,"POTS affects 1-3 million Americans. 75% are women. 25% can't work/attend school. These aren't just numbers - they're people deserving solutions. Like our formula.","#Statistics #Awareness #Thursday","Numbers matter"
2025-10-03,Friday,Invisible Illness,"'But you don't look sick!' The curse of invisible illness. Our formula helps manage invisible symptoms. Your struggle is real even if others can't see it.","#InvisibleIllness #Awareness #Friday","Visible support"
2025-10-04,Saturday,Weekend Awareness,"Weekend awareness: Share your story on social media. Tag #DysautonomiaAwareness. The more voices, the more recognition, the more research, the better solutions.","#WeekendAwareness #ShareYourStory #Saturday","Share widely"
2025-10-05,Sunday,Awareness Thread,"Why awareness matters 🧵 1/ Faster diagnosis 2/ Better treatments 3/ More research funding 4/ Less medical gaslighting 5/ Community growth 6/ Innovation like our formula...","#AwarenessMatters #Thread #Sunday","Why it matters 👇"
2025-10-06,Monday,Medical Monday,"Monday medical education: Teach your doctor about dysautonomia. Bring research, explain symptoms, advocate for appropriate testing. Be the expert of your body.","#MedicalEducation #Monday #Advocacy","Educate providers"
2025-10-07,Tuesday,Teal Tuesday,"Wear teal for dysautonomia awareness! Teal = our color. Visible support for invisible illness. Our formula supports you, teal shows solidarity.","#TealTuesday #Awareness #Solidarity","Wear teal"
2025-10-08,Wednesday,Symptom Education,"Educate about symptoms: It's not anxiety, laziness, or attention-seeking. It's measurable autonomic dysfunction. Our formula addresses real physiological needs.","#SymptomEducation #Awareness #Wednesday","Educate truthfully"
2025-10-09,Thursday,Research Awareness","Research needs funding. Awareness drives funding. Share how our formula fills gaps while research catches up. Patient innovation leading medical innovation.","#Research #Awareness #Thursday","Drive research"
2025-10-10,Friday,Community Power Oct","Our community's power: Millions strong, sharing solutions, supporting each other. Our formula came from community need. Together we're unstoppable.","#CommunityPower #Awareness #Friday","Power in numbers"
2025-10-11,Saturday,Weekend Warrior Oct,"Awareness weekend warrior: Share in local groups, educate family, post on social. Every conversation matters. Our formula is proof that awareness drives solutions.","#WeekendWarrior #Awareness #Saturday","Spread the word"
2025-10-12,Sunday,Science Awareness","Science of dysautonomia 🧵 1/ ANS controls involuntary functions 2/ Dysfunction affects heart, BP, digestion, temperature 3/ Multiple subtypes exist 4/ Treatment must be comprehensive like our formula...","#ScienceAwareness #Thread #Sunday","Educate with science 👇"
2025-10-13,Monday,Advocacy Monday,"Advocacy Monday: Write to representatives about dysautonomia research funding. Share how our formula helps but more solutions needed. Political awareness matters.","#Advocacy #Monday #Political","Advocate politically"
2025-10-14,Tuesday,Youth Awareness,"Young people get dysautonomia too. Teens missing school, college students struggling. Our formula is safe for young adults. Age doesn't invalidate illness.","#YouthAwareness #Tuesday #Validation","Support youth"
2025-10-15,Wednesday,Halfway Awareness,"Halfway through awareness month. Impact made? Stories shared? People educated? Keep going. Our formula supports you while you advocate.","#HalfwayPoint #Awareness #Wednesday","Keep pushing"
2025-10-16,Thursday,Workplace Awareness,"Workplace awareness: Educate HR, request accommodations, share needs. Our formula helps you work, but workplace understanding helps more.","#WorkplaceAwareness #Thursday #Accommodations","Educate employers"
2025-10-17,Friday,Feature Awareness","Feature Friday: Our formula exists because of awareness. Patients educated us about needs. Awareness drives innovation. Thank you for speaking up.","#FeatureFriday #Awareness #Innovation","Awareness creates"
2025-10-18,Saturday,Global Awareness,"Dysautonomia is global. Share internationally. Our formula ships worldwide because dysautonomia doesn't respect borders. Global problem, global solution.","#GlobalAwareness #Saturday #Worldwide","Think globally"
2025-10-19,Sunday,Awareness Impact","Awareness impact check 🧵 1/ How many educated? 2/ Stories shared? 3/ Minds changed? 4/ Support found? 5/ Your impact matters more than you know...","#AwarenessImpact #Thread #Sunday","Measure impact 👇"
2025-10-20,Monday,Hope Through Awareness,"Awareness brings hope. More recognition = better treatments. Our formula is current best, but awareness drives future innovations. Hope is powerful.","#Hope #Awareness #Monday","Spread hope"
2025-10-21,Tuesday,Celebrity Awareness,"Celebrities with dysautonomia speaking up changes everything. Visibility matters. Share their stories. Our formula for everyone, famous or not.","#CelebrityAwareness #Tuesday #Visibility","Amplify voices"
2025-10-22,Wednesday,School Awareness,"School awareness: Educate teachers, nurses, administrators. Kids with POTS need understanding. Our formula helps them attend, but accommodation helps more.","#SchoolAwareness #Wednesday #Education","Educate schools"
2025-10-23,Thursday,Comparison Awareness,"Compare dysautonomia to well-known conditions for understanding. 'Like diabetes but for autonomic nervous system.' Our formula is like insulin for ANS.","#ComparisonAwareness #Thursday #Understanding","Make it relatable"
2025-10-24,Friday,FAQ Awareness Edition,"Q: 'How to explain dysautonomia?' A: Autonomic nervous system malfunction. Q: 'Why should people care?' A: Could happen to anyone. Q: 'How to help?' A: Awareness, understanding, support.","#FAQ #Awareness #Friday","Answer questions"
2025-10-25,Saturday,Final Push Awareness,"Final awareness push! Last week of October. Make it count. Share everywhere. Our formula proves patient advocacy drives innovation.","#FinalPush #Awareness #Saturday","Push harder"
2025-10-26,Sunday,Awareness Science Final","Final awareness science 🧵 1/ Dysautonomia is real 2/ Affects millions 3/ Has multiple causes 4/ Needs comprehensive treatment 5/ Awareness drives solutions like our formula...","#FinalScience #Awareness #Sunday","Final education 👇"
2025-10-27,Monday,Awareness Week End","Last week of awareness month. Look how far we've come. From invisible to visible. Our formula part of growing solutions. Keep momentum going.","#LastWeek #Awareness #Monday","Maintain momentum"
2025-10-28,Tuesday,Future Awareness","Awareness doesn't end in October. Every month is awareness month when you live with dysautonomia. Our formula supports you year-round.","#FutureAwareness #Tuesday #YearRound","Always aware"
2025-10-29,Wednesday,Gratitude Awareness","Gratitude for awareness: To advocates, educators, supporters. Our formula exists because you spoke up. Thank you for making invisible visible.","#Gratitude #Awareness #Wednesday","Thank you"
2025-10-30,Thursday,Tomorrow Halloween","Halloween tomorrow: Costumes, parties, triggers. Pre-hydrate with our formula. You deserve to enjoy holidays too. Awareness means accommodation.","#Halloween #Awareness #Thursday","Enjoy safely"
2025-10-31,Friday,October Finale","October finale: Awareness month complete but mission continues. November preview: Gratitude month - what we're thankful for in dysautonomia journey.","#OctoberFinale #Awareness #Halloween","Awareness achieved"
2025-11-01,Saturday,Gratitude Month","November: Gratitude month. Yes, chronic illness sucks. But finding gratitude improves outcomes. Our formula: something tangible to be grateful for.","#November #Gratitude #Saturday","Find gratitude"
2025-11-02,Sunday,Gratitude Science,"Gratitude and health 🧵 1/ Gratitude reduces stress 2/ Less stress = better autonomic function 3/ Better function = fewer symptoms 4/ Practical gratitude strategies...","#GratitudeScience #Thread #Sunday","Science of thanks 👇"
2025-11-03,Monday,Time Change,"Daylight saving ended. Time changes disrupt dysautonomia. Extra formula support during adjustment. Grateful for understanding why we struggle with change.","#TimeChange #Gratitude #Monday","Adjust with support"
2025-11-04,Tuesday,Election Stress,"Election Day: Stress affects dysautonomia. Whatever your politics, protect your nervous system. Our formula helps manage election stress physiology.","#ElectionDay #Stress #Tuesday","Protect yourself"
2025-11-05,Wednesday,Grateful for Basics,"Grateful for basics: Standing without fainting, showering without exhaustion, thinking clearly. Our formula helps achieve these 'simple' victories.","#Grateful #Basics #Wednesday","Appreciate victories"
2025-11-06,Thursday,Community Gratitude,"Grateful for community: You get it. No explanation needed. Shared solutions, mutual support. Our formula brought us together.","#CommunityGratitude #Thursday #Together","Grateful for you"
2025-11-07,Friday,FAQ Gratitude","Q: 'How to find gratitude while sick?' A: Small wins count. Q: 'Grateful but still angry?' A: Both valid. Q: 'Does gratitude help physically?' A: Research says yes.","#FAQ #Gratitude #Friday","Gratitude answers"
2025-11-08,Saturday,Weekend Grateful,"Weekend gratitude: Rest without guilt, time for self-care, slower pace. Our formula supports your grateful rest. Rest is resistance.","#WeekendGratitude #Rest #Saturday","Grateful rest"
2025-11-09,Sunday,Gratitude List","Gratitude list exercise 🧵 1/ List 3 tiny wins 2/ One thing that helped today 3/ Someone who understood 4/ Progress made 5/ Why small gratitudes matter...","#GratitudeList #Thread #Sunday","Make your list 👇"
2025-11-10,Monday,Medical Gratitude","Grateful for: Doctors who listen, accurate diagnosis, effective treatments, insurance coverage. Our formula fills gaps, but grateful for medical allies.","#MedicalGratitude #Monday #Allies","Thank good providers"
2025-11-11,Tuesday,Veterans Day Thanks,"Veterans Day: Grateful for service, understanding high rates of dysautonomia in veterans. Our formula honors your service by supporting your health.","#VeteransDay #Gratitude #Service","Thank you, veterans"
2025-11-12,Wednesday,Progress Gratitude","Grateful for progress: Compare to last year. Better management? More understanding? Effective tools like our formula? Progress deserves gratitude.","#ProgressGratitude #Wednesday #Growth","Recognize progress"
2025-11-13,Thursday,Science Gratitude","Grateful for science: Research advancing, mechanisms understood, treatments improving. Our formula based on grateful appreciation of science.","#ScienceGratitude #Thursday #Research","Thank science"
2025-11-14,Friday,Feature Gratitude","Grateful for ingredient transparency: You know exactly what you're taking. No proprietary blends, no hidden ingredients. Gratitude through honesty.","#Transparency #Gratitude #Friday","Grateful transparency"
2025-11-15,Saturday,Weekend Wisdom Grat","Weekend wisdom: Gratitude doesn't mean accepting less than you deserve. Grateful for what helps while demanding better. Both/and, not either/or.","#WeekendWisdom #Gratitude #Saturday","Nuanced gratitude"
2025-11-16,Sunday,Gratitude Impact","Gratitude's impact on ANS 🧵 1/ Activates parasympathetic 2/ Reduces sympathetic overdrive 3/ Improves HRV 4/ Practical gratitude exercises for dysautonomia...","#GratitudeImpact #Science #Sunday","Gratitude physiology 👇"
2025-11-17,Monday,Small Wins Gratitude,"Grateful for small wins: Made breakfast, answered emails, took formula on time. In dysautonomia, small wins are big victories.","#SmallWins #Gratitude #Monday","Celebrate small"
2025-11-18,Tuesday,Support Gratitude","Grateful for support: Family who tries, friends who accommodate, formula that works. Support systems make impossible possible.","#SupportGratitude #Tuesday #Systems","Thank support"
2025-11-19,Wednesday,Midweek Gratitude","Midweek gratitude check: What worked this week? What helped? Who understood? Our formula consistent support to be grateful for.","#MidweekGratitude #Wednesday #Check","Check gratitude"
2025-11-20,Thursday,Comparison Gratitude","Grateful we're not settling for inadequate solutions. Other formulas exist, but grateful for one designed for our needs specifically.","#Comparison #Gratitude #Thursday","Grateful for better"
2025-11-21,Friday,Pre-Holiday Gratitude,"Thanksgiving week: Holiday stress approaching. Grateful for tools to manage. Our formula helps navigate holiday challenges.","#Thanksgiving #Gratitude #Friday","Prepare gratefully"
2025-11-22,Saturday,Weekend Before Thanks,"Weekend before Thanksgiving: Prep time. Grateful for ability to plan, prepare, protect energy. Strategic gratitude is self-care.","#WeekendPrep #Thanksgiving #Saturday","Prep with gratitude"
2025-11-23,Sunday,Gratitude Thread 2","Thanksgiving gratitude 🧵 1/ Grateful for diagnosis 2/ Treatment options 3/ Community support 4/ Daily management tools 5/ Hope for future...","#ThanksgivingThread #Gratitude #Sunday","Give thanks 👇"
2025-11-24,Monday,Holiday Week Gratitude,"Holiday week: Grateful for understanding family, flexible plans, hydration support. Our formula helps you participate within limits.","#HolidayWeek #Gratitude #Monday","Navigate gratefully"
2025-11-25,Tuesday,Travel Gratitude","Travel day for many: Grateful for compression socks, aisle seats, formula packets. Tools make travel possible with dysautonomia.","#TravelGratitude #Tuesday #Tools","Travel thankfully"
2025-11-26,Wednesday,Preparation Gratitude,"Thanksgiving prep: Grateful for pacing, help from others, make-ahead options. Our formula provides energy for preparation.","#Preparation #Gratitude #Wednesday","Prep thankfully"
2025-11-27,Thursday,Thanksgiving Day,"Happy Thanksgiving! Grateful for resilience, progress, community, solutions. Our formula thankful to serve you. Enjoy within limits. 🦃","#Thanksgiving #Gratitude #Thursday","Give thanks"
2025-11-28,Friday,Black Friday Rest,"Black Friday: Grateful for online shopping, avoiding crowds, protecting energy. Our formula helps recovery from yesterday.","#BlackFriday #Rest #Gratitude","Recover gratefully"
2025-11-29,Saturday,November End Near,"November ending: Month of gratitude almost complete. Carry gratitude forward. December preview: Surviving holiday season with dysautonomia.","#NovemberEnd #Gratitude #Saturday","Sustain gratitude"
2025-11-30,Sunday,November Finale","November finale: Gratitude month complete. You found things to be grateful for despite challenges. December: Holiday survival guide incoming.","#NovemberFinale #Gratitude #Sunday","Gratitude achieved"
2025-12-01,Monday,Holiday Season Start,"December: Holiday season in full swing. Joy, stress, triggers, exhaustion. Our formula helps navigate the complexity. Survive and thrive this season.","#December #Holidays #Monday","Season begins"
2025-12-02,Tuesday,Energy Budget Holiday,"Holiday energy budget: Limited energy, unlimited demands. Prioritize ruthlessly. Our formula helps maximize available energy. Choose wisely.","#EnergyBudget #Holidays #Tuesday","Budget energy"
2025-12-03,Wednesday,Party Survival,"Holiday parties: Crowds, standing, social energy, food triggers. Pre-hydrate, sit when possible, exit strategy ready. Formula before and after.","#PartySurvival #Holidays #Wednesday","Survive socially"
2025-12-04,Thursday,Shopping Strategy,"Holiday shopping with dysautonomia: Online first, off-peak hours, compression socks, hydration breaks. Our formula sustains shopping energy.","#Shopping #Holidays #Thursday","Shop strategically"
2025-12-05,Friday,FAQ Holiday Edition","Q: 'Survive family gatherings?' A: Boundaries, breaks, formula support. Q: 'Travel tips?' A: Compression, hydration, rest days. Q: 'Say no gracefully?' A: 'Health won't allow.'","#FAQ #Holidays #Friday","Holiday answers"
2025-12-06,Saturday,Weekend Holiday Prep","December weekend: Prep without overdoing. Pace holiday tasks. Our formula provides steady energy for preparation. Marathon, not sprint.","#WeekendPrep #Holidays #Saturday","Prep wisely"
2025-12-07,Sunday,Holiday Science","Holiday stress physiology 🧵 1/ Increased cortisol 2/ Disrupted sleep 3/ Autonomic overdrive 4/ Depleted nutrients 5/ Why extra support essential...","#HolidayScience #Stress #Sunday","Science of holidays 👇"
2025-12-08,Monday,Week Two December","Second week December: Pace yourself. Holidays are marathon. Our formula provides consistent support throughout season. Steady wins.","#WeekTwo #December #Monday","Pace yourself"
2025-12-09,Tuesday,Food Challenges","Holiday food challenges: Rich foods, alcohol, schedule disruption. Our formula helps stabilize despite dietary chaos. Gentle with yourself.","#FoodChallenges #Holidays #Tuesday","Navigate foods"
2025-12-10,Wednesday,Midweek Check Dec","Midweek check: Surviving holidays? Energy holding? Boundaries maintained? Our formula consistent anchor in holiday chaos.","#MidweekCheck #Holidays #Wednesday","Check yourself"
2025-12-11,Thursday,Gift Giving Energy","Gift giving with limited energy: Online shopping, gift cards, experiences over stuff. Our formula helps sustain giving spirit.","#GiftGiving #Energy #Thursday","Give wisely"
2025-12-12,Friday,Feature Holiday","Why our formula helps holidays: B vitamins for stress, magnesium for sleep, stable energy from L-alanine. Designed for challenging times.","#Feature #Holidays #Friday","Holiday support"
2025-12-13,Saturday,Lucky Day Strategy,"Friday the 13th in December: Make your own luck through preparation. Our formula is your lucky charm for holiday survival.","#Friday13th #Luck #Saturday","Make luck"
2025-12-14,Sunday,Holiday Thread 2","Managing expectations 🧵 1/ Others' expectations 2/ Your own expectations 3/ Reality of limitations 4/ Finding middle ground 5/ Why adjustment isn't failure...","#Expectations #Holidays #Sunday","Manage expectations 👇"
2025-12-15,Monday,Halfway December","Halfway through December: Energy depleted? Normal. Increase formula frequency if needed. Permission to scale back plans.","#Halfway #December #Monday","Adjust as needed"
2025-12-16,Tuesday,Cold Weather Alert,"Cold weather + dysautonomia = vasoconstriction challenges. Layer warmly, warm formula, extra magnesium for circulation.","#ColdWeather #Winter #Tuesday","Stay warm"
2025-12-17,Wednesday,Final Push Week","Final holiday push week: Last minute everything. Our formula helps sustain through finale. Almost there.","#FinalPush #Holidays #Wednesday","Push through"
2025-12-18,Thursday,Comparison Holiday","Everyone else's perfect holiday vs. your reality. Their highlights vs. your full story. Our formula supports YOUR holiday, not Instagram's.","#Comparison #Reality #Thursday","Your holiday matters"
2025-12-19,Friday,Pre-Holiday Crash","Pre-holiday crash is real. Body saying 'enough.' Listen. Rest. Our formula helps recovery. Crashing now prevents worse later.","#Crash #Rest #Friday","Honor limits"
2025-12-20,Saturday,Winter Solstice Prep,"Winter solstice tomorrow: Shortest day, longest night. Your energy matches nature. Our formula honors natural rhythms.","#WinterSolstice #Nature #Saturday","Honor rhythms"
2025-12-21,Sunday,Solstice Science","Winter solstice and dysautonomia 🧵 1/ Less daylight affects autonomic function 2/ Vitamin D drops 3/ Mood impacts symptoms 4/ Why winter support crucial...","#Solstice #Science #Sunday","Solstice science 👇"
2025-12-22,Monday,Holiday Week Final","Final holiday week: Give yourself grace. Survival is success. Our formula helps you show up as able.","#HolidayWeek #Grace #Monday","Show grace"
2025-12-23,Tuesday,Christmas Eve Eve,"Christmas Eve eve: Final preparations. Remember: Done is better than perfect. Our formula sustains what energy remains.","#ChristmasEve #Preparation #Tuesday","Done is enough"
2025-12-24,Wednesday,Christmas Eve","Christmas Eve: Magic doesn't require perfection. Present is enough. Our formula helps you be present within limits.","#ChristmasEve #Present #Wednesday","Be present"
2025-12-25,Thursday,Christmas Day","Merry Christmas to those celebrating! Your presence is the present. Our formula supporting your holiday participation. Rest when needed. 🎄","#Christmas #Celebration #Thursday","Merry Christmas"
2025-12-26,Friday,Recovery Day,"Day after Christmas: Recovery essential. Extra formula, extra rest, extra grace. You made it through.","#Recovery #AfterChristmas #Friday","Recover fully"
2025-12-27,Saturday,Year End Approach","Year ending soon: Reflection time. How far you've come, challenges overcome, tools discovered. Our formula part of your journey.","#YearEnd #Reflection #Saturday","Reflect proudly"
2025-12-28,Sunday,Final Sunday Year","Final Sunday of year 🧵 1/ Year in review 2/ Lessons learned 3/ Progress made 4/ Tools acquired 5/ Hope for next year...","#FinalSunday #YearReview #Sunday","Review year 👇"
2025-12-29,Monday,Almost New Year,"Almost New Year: Not resolutions but continued evolution. Our formula continues supporting your journey. Progress not perfection.","#AlmostNewYear #Evolution #Monday","Evolve forward"
2025-12-30,Tuesday,Penultimate Day,"Penultimate day: Gratitude for surviving the year. Every day with chronic illness is achievement. Our formula honored to support you.","#Penultimate #Gratitude #Tuesday","Honor survival"
2025-12-31,Wednesday,Year Finale,"2025 complete! You survived, thrived, learned, grew. Our formula supported your journey. Here's to 2026 - together we're stronger. 🎊","#NewYearsEve #Finale #2025","Year complete!"